strategy,seed,month,year,cash_italian_lire,real_cash_starting_lire,living,residents,births,graduates,influential,stress,resentment,house_condition,house_capacity,family_properties,family_businesses,village_buildings,living_over_100,unfulfilled_marriage_goals,wealth_fraction,population_fraction
education,1,0,1800,84.0,100.0,7,7,0,0,0,0.33571428571429,0.17142857142857,80,7,1,0,18,0,0,0.000084,0.07
education,1,12,1801,2000.3172,2369.45553457208,7,6,0,0,0,0.23142857142857,0.16714285714286,80,7,1,0,18,0,0,0.0020003172,0.07
education,1,24,1802,1894.3008,2232.68583121673,8,7,1,0,0,0.09625,0.13625,80,7,1,0,22,0,0,0.0018943008,0.08
education,1,36,1803,2526.552,2963.02894881782,8,7,1,0,0,0.036875,0.13625,80,7,1,0,22,0,0,0.002526552,0.08
education,1,48,1804,2970.072,3465.80090587496,8,7,1,1,0,0.11375,0.1275,80,7,1,0,22,0,0,0.002970072,0.08
education,1,60,1805,2890.524,3356.15641336247,8,7,1,1,0,0.056875,0.13625,85,7,1,0,22,0,0,0.002890524,0.08
education,1,72,1806,2912.868,3365.23500349863,8,7,1,3,0,0.01,0.145,87,7,1,0,22,0,0,0.002912868,0.08
education,1,84,1807,6872.8464,7900.6024839552,8,7,1,3,0,0.06875,0.13625,99,7,1,0,23,0,0,0.0068728464,0.08
education,1,96,1808,7124.4684,8149.01312536713,8,7,1,3,0,0.05625,0.145,100,7,1,0,23,0,0,0.0071244684,0.08
education,1,108,1809,7772.8896,8846.34824938975,8,7,1,3,0,0.015,0.145,100,7,1,0,23,0,0,0.0077728896,0.08
education,1,120,1810,12405.0108,14047.7787708336,8,7,1,3,0,0.0,0.145,100,7,1,0,23,0,0,0.0124050108,0.08
education,1,132,1811,12971.9772,14616.5766715109,8,7,1,3,0,0.005,0.15125,96,7,1,0,26,0,0,0.0129719772,0.08
education,1,144,1812,13421.058,15047.1837835071,8,7,1,3,0,0.0,0.14625,100,7,1,0,26,0,0,0.013421058,0.08
education,1,156,1813,13470.8532,15027.7013442033,8,7,1,3,0,0.0,0.14625,100,7,1,0,27,0,0,0.0134708532,0.08
education,1,168,1814,16596.3588,18422.104743492,8,7,1,4,0,0.053125,0.14625,100,7,1,0,31,0,0,0.0165963588,0.08
education,1,180,1815,17907.3636,19778.2136335218,8,7,1,4,0,0.00125,0.14625,100,7,1,0,31,0,0,0.0179073636,0.08
education,1,192,1816,18639.6588,20484.3576527755,8,7,1,4,0,0.074375,0.13875,100,7,1,0,31,0,0,0.0186396588,0.08
education,1,204,1817,19514.124,21338.4284898886,8,7,1,4,0,0.0225,0.13875,100,7,1,0,32,0,0,0.019514124,0.08
education,1,216,1818,21971.8884,23906.15526419,8,7,1,4,0,0.00375,0.13625,100,7,1,0,34,0,0,0.0219718884,0.08
education,1,228,1819,22674.036,24547.0983710808,8,7,1,4,0,0.0,0.1325,100,7,1,0,34,0,0,0.022674036,0.08
education,1,240,1820,23486.9712,25300.3964374657,8,7,1,4,0,0.0,0.14125,100,7,1,0,34,0,0,0.0234869712,0.08
education,1,252,1821,23585.9484,25280.3239581597,8,7,1,4,0,0.0,0.14125,100,7,1,0,35,0,0,0.0235859484,0.08
education,1,264,1822,24285.7356,25900.5826110933,8,7,1,4,0,0.0,0.14125,100,7,1,0,36,0,0,0.0242857356,0.08
education,1,276,1823,28478.268,30220.442788746,8,7,1,4,0,0.04375,0.15,100,7,1,0,36,0,0,0.028478268,0.08
education,1,288,1824,29511.8124,31161.0520646721,8,7,1,4,0,0.07,0.14625,100,7,1,0,36,0,0,0.0295118124,0.08
education,1,300,1825,31211.9892,32791.905841565,8,7,1,5,0,0.0,0.155,100,7,1,0,36,0,0,0.0312119892,0.08
education,1,312,1826,31849.0284,33294.3375510603,8,7,1,5,0,0.004375,0.15,100,7,1,0,36,0,0,0.0318490284,0.08
education,1,324,1827,33162.9564,34495.0207052423,8,7,1,5,0,0.03125,0.145,100,7,1,0,36,0,0,0.0331629564,0.08
education,1,336,1828,35680.722,36928.8500096074,8,7,1,5,0,0.0,0.1525,100,7,1,0,36,0,0,0.035680722,0.08
education,1,348,1829,41454.6048,42690.762220258,8,7,1,5,0,0.00375,0.1525,100,7,1,0,36,0,0,0.0414546048,0.08
education,1,360,1830,45445.0668,46566.849410944,8,7,1,5,0,0.039375,0.16375,100,7,1,0,36,0,0,0.0454450668,0.08
education,1,372,1831,49516.4124,50485.6858758945,8,7,1,5,0,0.0,0.1675,100,7,1,0,36,0,0,0.0495164124,0.08
education,1,384,1832,52570.0644,53331.8413285978,8,7,1,5,0,0.0,0.175,100,7,1,0,36,0,0,0.0525700644,0.08
education,1,396,1833,55138.5072,55658.5711607518,8,7,1,5,0,0.030625,0.1825,100,7,1,0,36,0,0,0.0551385072,0.08
education,1,408,1834,59125.1388,59385.1971067658,8,7,1,5,0,0.0,0.1775,100,7,1,0,36,0,0,0.0591251388,0.08
education,1,420,1835,61792.0464,61754.3545781565,8,7,1,5,1,0.00875,0.18875,97,7,1,0,36,0,0,0.0617920464,0.08
education,1,432,1836,66027.0744,65657.75714193,8,7,1,5,0,0.0,0.185,100,7,1,0,36,0,0,0.0660270744,0.08
education,1,444,1837,69859.5408,69122.381904056,8,7,1,5,1,0.0,0.18875,100,7,1,0,36,0,0,0.0698595408,0.08
education,1,456,1838,74330.8608,73179.781876622,8,7,1,5,0,0.00125,0.18875,100,7,1,0,36,0,0,0.0743308608,0.08
education,1,468,1839,76464.8472,74905.3354547353,8,7,1,5,0,0.0,0.18875,100,7,1,0,36,0,0,0.0764648472,0.08
education,1,480,1840,81064.5108,79015.2055736063,8,7,1,5,3,0.00875,0.18875,98,7,1,0,36,0,0,0.0810645108,0.08
education,1,492,1841,84466.452,81920.6029421349,8,7,1,5,0,0.005,0.18875,100,7,1,0,36,0,0,0.084466452,0.08
education,1,504,1842,87275.9076,84223.2976575195,8,7,1,5,1,0.030625,0.18875,100,7,1,0,36,0,0,0.0872759076,0.08
education,1,516,1843,90412.6524,86815.2575248105,8,7,1,5,0,0.0,0.18875,100,7,1,0,36,0,0,0.0904126524,0.08
education,1,528,1844,92782.0068,88646.0909741557,8,7,1,5,1,0.0,0.18875,100,7,1,0,36,0,0,0.0927820068,0.08
education,1,540,1845,95521.9524,90808.8128086863,8,7,1,5,1,0.0,0.18125,100,7,1,0,36,0,0,0.0955219524,0.08
education,1,552,1846,97930.8624,92634.6289500964,8,7,1,5,1,0.0,0.18625,100,7,1,0,37,0,0,0.0979308624,0.08
education,1,564,1847,99687.8736,93826.4099700451,8,7,1,5,0,0.0875,0.18625,100,7,1,0,37,0,0,0.0996878736,0.08
education,1,576,1848,102919.8408,96385.310937595,8,7,1,5,2,0.0025,0.18625,100,7,1,0,37,0,0,0.1029198408,0.08
education,1,588,1849,107972.172,100612.64462791,8,7,1,5,1,0.021875,0.18625,100,7,1,0,37,1,0,0.107972172,0.08
education,1,600,1850,111124.0368,103033.325258097,8,7,1,5,1,0.009375,0.18625,100,7,1,0,37,1,0,0.1111240368,0.08
education,1,612,1851,114846.3708,105953.659770768,8,7,1,5,2,0.004375,0.185,100,7,1,0,37,1,0,0.1148463708,0.08
education,1,624,1852,119968.0944,110126.903190435,8,7,1,5,3,0.05375,0.18625,100,7,1,0,37,2,0,0.1199680944,0.08
education,1,636,1853,125946.7608,115038.616134673,8,7,1,5,3,0.058125,0.18625,100,7,1,0,37,2,0,0.1259467608,0.08
education,1,648,1854,131301.4752,119331.536231804,8,7,1,5,2,0.0025,0.18625,100,7,1,0,37,3,0,0.1313014752,0.08
education,1,660,1855,136412.1444,123358.091601463,8,7,1,5,2,0.0,0.18625,100,7,1,0,37,3,0,0.1364121444,0.08
education,1,672,1856,143551.7244,129167.126912634,8,7,1,5,3,0.0175,0.18625,100,7,1,0,37,4,0,0.1435517244,0.08
education,1,684,1857,150402.8148,134656.874484196,8,7,1,5,3,0.0,0.185,100,7,1,0,37,4,0,0.1504028148,0.08
education,1,696,1858,158489.1,141189.026815883,8,7,1,5,4,0.04,0.18625,96,7,1,0,37,4,0,0.1584891,0.08
education,1,708,1859,166693.6572,147757.52243478,8,7,1,5,3,0.044375,0.18625,100,7,1,0,37,4,0,0.1666936572,0.08
education,1,720,1860,173241.3984,152795.718819311,8,7,1,5,3,0.070625,0.185,100,7,1,0,37,4,0,0.1732413984,0.08
education,1,732,1861,181016.5224,158857.126413655,8,7,1,5,4,0.0,0.18625,100,7,1,0,37,4,0,0.1810165224,0.08
education,1,744,1862,189584.5644,165546.666463308,8,7,1,5,4,0.00125,0.18625,100,7,1,0,37,4,0,0.1895845644,0.08
education,1,756,1863,198388.2936,172370.319545432,8,7,1,5,4,0.035625,0.1825,100,7,1,0,37,4,0,0.1983882936,0.08
education,1,768,1864,206341.1448,178386.20253061,8,7,1,5,3,0.0,0.18625,100,7,1,0,37,4,0,0.2063411448,0.08
education,1,780,1865,213431.526,183595.898128942,8,7,1,5,3,0.0,0.18625,100,7,1,0,37,4,0,0.213431526,0.08
education,1,792,1866,221318.5632,189431.076148213,8,7,1,5,3,0.039375,0.18625,100,7,1,0,37,4,0,0.2213185632,0.08
education,1,804,1867,227489.0688,193741.606777432,8,7,1,5,3,0.021875,0.18625,100,7,1,0,37,4,0,0.2274890688,0.08
education,1,816,1868,235268.7204,199368.037784915,8,7,1,5,4,0.0,0.18625,100,7,1,0,37,4,0,0.2352687204,0.08
education,1,828,1869,242925.0852,204829.586207787,8,7,1,5,3,0.0,0.18625,100,7,1,0,37,4,0,0.2429250852,0.08
education,1,840,1870,249921.462,209677.995689804,8,7,1,5,3,0.044375,0.18625,100,7,1,0,37,4,0,0.249921462,0.08
education,1,852,1871,256528.3896,214147.849959148,8,7,1,5,3,0.054375,0.18625,100,7,1,0,37,4,0,0.2565283896,0.08
education,1,864,1872,262829.9352,218314.253613114,8,7,1,5,3,0.03125,0.18625,100,7,1,0,37,4,0,0.2628299352,0.08
education,1,876,1873,269591.7,222814.146434663,8,7,1,5,3,0.0,0.185,100,7,1,0,37,4,0,0.2695917,0.08
education,1,888,1874,277442.1384,228159.021885128,8,7,1,5,4,0.003125,0.18625,100,7,1,0,37,4,0,0.2774421384,0.08
education,1,900,1875,284825.3436,233062.732002018,8,7,1,5,3,0.0,0.18625,100,7,1,0,37,4,0,0.2848253436,0.08
education,1,912,1876,291638.0124,237447.342117281,8,7,1,5,3,0.0,0.18625,100,7,1,0,37,4,0,0.2916380124,0.08
education,1,924,1877,300115.746,243131.340558762,8,7,1,5,4,0.0025,0.185,100,7,1,0,37,4,0,0.300115746,0.08
education,1,936,1878,307623.1956,247970.61659984,8,7,1,5,3,0.050625,0.18625,100,7,1,0,37,5,0,0.3076231956,0.08
education,1,948,1879,314139.8904,251960.934453795,8,7,1,5,3,0.015,0.18625,100,7,1,0,37,5,0,0.3141398904,0.08
education,1,960,1880,321411.8292,256508.026159227,8,7,1,5,4,0.021875,0.18625,100,7,1,0,37,5,0,0.3214118292,0.08
education,1,972,1881,329771.526,261867.279321883,8,7,1,5,4,0.01375,0.18625,100,7,1,0,37,5,0,0.329771526,0.08
education,1,984,1882,338408.322,267385.650378041,8,7,1,5,4,0.0,0.18625,100,7,1,0,37,6,0,0.338408322,0.08
education,1,996,1883,346530.114,272437.585930948,8,7,1,5,4,0.144375,0.1825,100,7,1,0,37,6,0,0.346530114,0.08
education,1,1008,1884,354731.3868,277494.6653427,8,7,1,5,4,0.1225,0.1825,100,7,1,0,37,7,0,0.3547313868,0.08
education,1,1020,1885,363167.1456,282677.052479141,8,7,1,5,4,0.048125,0.1825,100,7,1,0,37,7,0,0.3631671456,0.08
education,1,1032,1886,371535.024,287748.283567142,8,7,1,5,4,0.0,0.1825,100,7,1,0,37,7,0,0.371535024,0.08
education,1,1044,1887,379793.4084,292677.532056687,8,7,1,5,4,0.030625,0.1825,99,7,1,0,37,7,0,0.3797934084,0.08
education,1,1056,1888,388075.2456,297568.449578049,8,7,1,5,4,0.035,0.1825,99,7,1,0,37,7,0,0.3880752456,0.08
education,1,1068,1889,396693.654,302660.101963804,8,7,1,5,4,0.00375,0.1825,100,7,1,0,37,7,0,0.396693654,0.08
education,1,1080,1890,405064.296,307505.483981258,8,7,1,5,4,0.0,0.1825,100,7,1,0,37,7,0,0.405064296,0.08
education,1,1092,1891,413701.9572,312496.714933756,8,7,1,5,4,0.0,0.1825,100,7,1,0,37,7,0,0.4137019572,0.08
education,1,1104,1892,422075.9592,317232.356065311,8,7,1,5,4,0.001875,0.1825,100,7,1,0,37,7,0,0.4220759592,0.08
education,1,1116,1893,430584.0756,322013.296317723,8,7,1,5,4,0.0175,0.1825,100,7,1,0,37,7,0,0.4305840756,0.08
education,1,1128,1894,439088.7564,326736.111898807,8,7,1,5,4,0.0,0.1825,100,7,1,0,37,7,0,0.4390887564,0.08
education,1,1140,1895,447427.6716,331281.085176711,8,7,1,5,4,0.00375,0.1825,100,7,1,0,37,7,0,0.4474276716,0.08
education,1,1152,1896,456042.4512,335975.842243564,8,7,1,5,4,0.0175,0.1825,100,7,1,0,37,7,0,0.4560424512,0.08
education,1,1164,1897,464231.1996,340303.240479517,8,7,1,5,4,0.061875,0.18,100,7,1,0,37,7,0,0.4642311996,0.08
education,1,1176,1898,472633.3752,344734.799657445,8,7,1,5,4,0.005,0.18125,100,7,1,0,37,7,0,0.4726333752,0.08
education,1,1188,1899,481132.7472,349184.24210387,8,7,1,5,4,0.0,0.18125,97,7,1,0,37,7,0,0.4811327472,0.08
education,1,1200,1900,489383.5044,353401.204982254,8,7,1,5,4,0.0,0.18125,100,7,1,0,37,7,0,0.4893835044,0.08
enterprise,1,0,1800,84.0,100.0,7,7,0,0,0,0.33571428571429,0.17142857142857,80,7,1,0,18,0,0,0.000084,0.07
enterprise,1,12,1801,1972.0092,2335.92357910388,7,6,0,0,0,0.27214285714286,0.17214285714286,80,7,1,0,18,0,0,0.0019720092,0.07
enterprise,1,24,1802,3963.6408,4671.6786764766,8,7,1,0,0,0.26775,0.155,80,7,4,3,25,0,0,0.0039636408,0.08
enterprise,1,36,1803,5889.5508,6907.00587834058,8,7,1,0,0,0.28975,0.1475,76,7,4,3,25,0,0,0.0058895508,0.08
enterprise,1,48,1804,7918.512,9240.17534348722,8,7,1,0,0,0.290375,0.14375,78,7,4,3,25,0,0,0.007918512,0.08
enterprise,1,60,1805,8804.586,10222.9103688125,8,7,1,0,0,0.3535,0.14375,78,7,4,3,25,0,0,0.008804586,0.08
enterprise,1,72,1806,10534.2552,12170.2199807295,8,7,1,0,0,0.404125,0.1425,80,7,4,3,25,0,0,0.0105342552,0.08
enterprise,1,84,1807,12347.6052,14194.0492535987,8,7,1,0,0,0.433125,0.14125,77,7,4,3,26,0,0,0.0123476052,0.08
enterprise,1,96,1808,14357.7924,16422.5359914427,8,7,1,0,0,0.449625,0.14375,81,7,4,3,26,0,0,0.0143577924,0.08
enterprise,1,108,1809,16353.204,18611.6290108267,8,7,1,0,0,0.439125,0.148125,81,7,4,3,26,0,0,0.016353204,0.08
enterprise,1,120,1810,18578.6412,21038.9693042665,8,7,1,0,0,0.410875,0.150625,77,7,4,3,26,0,0,0.0185786412,0.08
enterprise,1,132,1811,20694.9288,23318.6513399561,8,7,1,0,0,0.396625,0.15125,79,7,4,3,29,0,0,0.0206949288,0.08
enterprise,1,144,1812,22800.0276,25562.5305818836,8,7,1,0,0,0.442125,0.16,75,7,4,3,29,0,0,0.0228000276,0.08
enterprise,1,156,1813,24750.2388,27610.6636574521,8,7,1,0,0,0.5315,0.15625,77,7,4,3,29,0,0,0.0247502388,0.08
enterprise,1,168,1814,26479.5468,29392.5306501447,8,7,1,0,0,0.503875,0.15875,79,7,4,3,32,0,0,0.0264795468,0.08
enterprise,1,180,1815,28572.4572,31557.5299167019,8,7,1,0,0,0.523125,0.153125,79,7,4,3,34,0,0,0.0285724572,0.08
enterprise,1,192,1816,30776.928,33822.8079907622,8,7,1,0,0,0.494875,0.15125,81,7,4,3,34,0,0,0.030776928,0.08
enterprise,1,204,1817,32623.3236,35673.1594890498,8,7,1,0,0,0.523875,0.158125,81,7,4,3,34,0,0,0.0326233236,0.08
enterprise,1,216,1818,34737.4188,37795.482672759,8,7,1,0,0,0.53775,0.160625,81,7,4,3,34,0,0,0.0347374188,0.08
enterprise,1,228,1819,36864.7188,39910.048603867,8,7,1,0,0,0.53575,0.15875,68,7,4,3,35,0,0,0.0368647188,0.08
enterprise,1,240,1820,39032.742,42046.4536798734,8,7,1,0,0,0.48975,0.16125,68,7,4,3,36,0,0,0.039032742,0.08
enterprise,1,252,1821,41133.1032,44088.0373629756,8,7,1,0,0,0.51525,0.16125,68,7,4,3,36,0,0,0.0411331032,0.08
enterprise,1,264,1822,42965.496,45822.4283136229,8,7,1,0,0,0.5445,0.174375,64,7,4,3,38,0,0,0.042965496,0.08
enterprise,1,276,1823,45885.5376,48692.6123411597,8,7,1,0,0,0.5875,0.17875,63,7,4,3,38,0,0,0.0458855376,0.08
enterprise,1,288,1824,48727.4172,51450.5027263659,8,7,1,0,0,0.603625,0.175,65,7,4,3,38,0,0,0.0487274172,0.08
enterprise,1,300,1825,51680.1012,54296.0912094943,8,7,1,0,0,0.593375,0.17125,60,7,4,3,38,0,0,0.0516801012,0.08
enterprise,1,312,1826,54393.4356,56861.8101212865,8,7,1,0,0,0.632125,0.169375,57,7,4,3,38,0,0,0.0543934356,0.08
enterprise,1,324,1827,56437.8024,58704.7529437507,8,7,1,0,0,0.56775,0.178125,57,7,4,3,38,0,0,0.0564378024,0.08
enterprise,1,336,1828,58281.9468,60320.6760122487,8,7,1,0,0,0.558875,0.1825,59,7,4,3,38,0,0,0.0582819468,0.08
enterprise,1,348,1829,60141.9504,61935.3559484169,8,7,1,0,0,0.5725,0.1875,63,7,4,3,38,0,0,0.0601419504,0.08
enterprise,1,360,1830,61888.0164,63415.6827785944,8,7,1,0,0,0.606375,0.19375,62,7,4,3,38,0,0,0.0618880164,0.08
enterprise,1,372,1831,63629.1012,64874.6276244501,8,7,1,0,0,0.655875,0.198125,48,7,4,3,38,0,0,0.0636291012,0.08
enterprise,1,384,1832,65333.604,66280.3335267255,8,7,1,0,0,0.613,0.19625,90,9,4,3,38,0,0,0.065333604,0.08
enterprise,1,396,1833,68370.372,69015.2383242083,8,7,1,1,0,0.604625,0.194375,88,9,4,3,38,0,0,0.068370372,0.08
enterprise,1,408,1834,70486.6428,70796.6739872109,8,7,1,1,0,0.545375,0.19375,88,9,4,3,38,0,0,0.0704866428,0.08
enterprise,1,420,1835,72279.102,72235.0132993612,8,7,1,1,0,0.496375,0.194375,83,9,4,3,38,0,0,0.072279102,0.08
enterprise,1,432,1836,74236.3272,73821.0921307526,8,7,1,1,0,0.556375,0.19875,83,9,4,3,38,0,0,0.0742363272,0.08
enterprise,1,444,1837,76073.802,75271.0701290144,8,7,1,1,0,0.588875,0.193125,75,9,4,3,38,0,0,0.076073802,0.08
enterprise,1,456,1838,78788.262,77568.1562885674,8,7,1,1,0,0.599875,0.1975,72,9,4,3,38,0,0,0.078788262,0.08
enterprise,1,468,1839,80731.8876,79085.3489415197,8,7,1,1,0,0.58975,0.20625,68,9,4,3,38,0,0,0.0807318876,0.08
enterprise,1,480,1840,82686.6264,80596.3142034281,8,7,1,1,0,0.52275,0.210625,68,9,4,3,38,0,0,0.0826866264,0.08
enterprise,1,492,1841,85516.6956,82939.1918245958,8,7,1,1,0,0.493875,0.2275,68,9,4,3,38,0,0,0.0855166956,0.08
enterprise,1,504,1842,88924.6344,85814.357686007,8,7,1,1,0,0.550125,0.228125,70,9,4,3,38,0,0,0.0889246344,0.08
enterprise,1,516,1843,92443.3104,88765.1184406796,8,7,1,1,0,0.609,0.220625,66,9,4,3,38,0,0,0.0924433104,0.08
enterprise,1,528,1844,95083.7832,90845.2617745502,8,7,1,1,0,0.633,0.225625,66,9,4,3,38,0,0,0.0950837832,0.08
enterprise,1,540,1845,96879.93,92099.7865647545,8,7,1,1,0,0.607,0.230625,66,9,4,3,38,0,0,0.09687993,0.08
enterprise,1,552,1846,98459.676,93134.843595605,8,7,1,1,0,0.5945,0.24125,57,9,4,3,39,0,0,0.098459676,0.08
enterprise,1,564,1847,100633.9656,94716.8735004196,8,7,1,1,0,0.579125,0.2475,61,9,4,3,39,0,0,0.1006339656,0.08
enterprise,1,576,1848,103260.6792,96704.5090135745,8,7,1,1,0,0.539625,0.25875,57,9,4,3,39,0,0,0.1032606792,0.08
enterprise,1,588,1849,106226.0052,98985.4988878998,8,7,1,1,0,0.580125,0.25875,54,9,4,3,39,1,0,0.1062260052,0.08
enterprise,1,600,1850,109525.9956,101551.634136384,8,7,1,1,0,0.61875,0.255,56,9,4,3,39,1,0,0.1095259956,0.08
enterprise,1,612,1851,113003.1336,104253.146939538,8,7,1,1,0,0.612375,0.26,51,9,4,3,39,1,0,0.1130031336,0.08
enterprise,1,624,1852,116878.3812,107290.644532128,8,6,1,1,0,0.560375,0.264375,51,9,4,3,39,2,0,0.1168783812,0.08
enterprise,1,636,1853,120550.4076,110109.636616989,8,6,1,1,0,0.514625,0.2675,51,9,4,3,39,2,0,0.1205504076,0.08
enterprise,1,648,1854,122447.4888,111284.712711518,8,6,1,1,0,0.578875,0.265625,100,11,4,3,39,3,0,0.1224474888,0.08
enterprise,1,660,1855,124567.9932,112647.374494144,8,6,1,1,0,0.56575,0.261875,100,11,4,3,39,3,0,0.1245679932,0.08
enterprise,1,672,1856,127594.194,114808.620506639,8,6,1,1,0,0.583625,0.264375,95,11,4,3,39,4,0,0.127594194,0.08
enterprise,1,684,1857,129404.8644,115857.237155612,8,6,1,1,0,0.58725,0.263125,95,11,4,3,39,4,0,0.1294048644,0.08
enterprise,1,696,1858,130561.7544,116310.125069234,8,6,1,1,0,0.602875,0.26375,90,11,4,3,39,4,0,0.1305617544,0.08
enterprise,1,708,1859,132560.2656,117501.62992016,8,6,1,1,0,0.634875,0.26,84,11,4,3,39,4,0,0.1325602656,0.08
enterprise,1,720,1860,135165.7776,119213.723387742,8,6,1,1,0,0.63825,0.264375,84,11,4,3,39,4,0,0.1351657776,0.08
enterprise,1,732,1861,137169.8496,120378.006654542,8,6,1,1,0,0.6395,0.266875,84,11,4,3,39,4,0,0.1371698496,0.08
enterprise,1,744,1862,139879.7148,122144.018234104,8,6,1,1,0,0.6465,0.275625,84,11,4,3,39,4,0,0.1398797148,0.08
enterprise,1,756,1863,142607.472,123904.969754759,8,6,1,1,0,0.597375,0.28875,84,11,4,3,39,4,0,0.142607472,0.08
enterprise,1,768,1864,144179.5068,124646.176242346,8,6,1,1,0,0.61625,0.28875,80,11,4,3,39,4,0,0.1441795068,0.08
enterprise,1,780,1865,145356.666,125037.233924377,8,6,1,1,0,0.66075,0.28875,73,11,4,3,39,4,0,0.145356666,0.08
enterprise,1,792,1866,148610.2548,127198.550751409,8,6,1,1,0,0.666625,0.28875,73,11,4,3,39,4,0,0.1486102548,0.08
enterprise,1,804,1867,151697.8428,129193.828801423,8,6,1,1,0,0.680875,0.2875,73,11,4,3,39,4,0,0.1516978428,0.08
enterprise,1,816,1868,154051.9596,130544.497586229,8,6,1,1,0,0.670625,0.2875,73,11,4,3,39,4,0,0.1540519596,0.08
enterprise,1,828,1869,155132.586,130804.702081561,8,6,1,1,0,0.6795,0.2875,70,11,4,3,39,4,0,0.155132586,0.08
enterprise,1,840,1870,156654.204,131429.046742299,8,6,1,1,0,0.65875,0.28375,72,11,4,3,39,4,0,0.156654204,0.08
enterprise,1,852,1871,159387.9756,133055.808510331,8,6,1,1,0,0.631375,0.290625,72,11,4,3,39,4,0,0.1593879756,0.08
enterprise,1,864,1872,160892.6256,133642.134192172,8,6,1,1,0,0.707625,0.290625,68,11,4,3,39,4,0,0.1608926256,0.08
enterprise,1,876,1873,162117.5892,133988.146740583,8,6,1,1,0,0.725125,0.290625,68,11,4,3,39,4,0,0.1621175892,0.08
enterprise,1,888,1874,165102.1092,135774.385114974,8,6,1,1,0,0.69,0.293125,63,11,4,3,39,4,0,0.1651021092,0.08
enterprise,1,900,1875,168960.876,138254.8437028,8,6,1,1,0,0.687,0.2875,63,11,4,3,39,4,0,0.168960876,0.08
enterprise,1,912,1876,172793.0568,140685.542792708,8,6,1,1,0,0.673375,0.284375,59,11,4,3,39,4,0,0.1727930568,0.08
enterprise,1,924,1877,175732.2252,142365.111000375,8,6,1,1,0,0.7295,0.286875,59,11,4,3,39,4,0,0.1757322252,0.08
enterprise,1,936,1878,177860.1468,143370.496442935,8,6,1,1,0,0.709375,0.285625,59,11,4,3,39,5,0,0.1778601468,0.08
enterprise,1,948,1879,179465.664,143943.31247214,8,6,1,1,0,0.73625,0.285625,63,11,4,3,39,5,0,0.179465664,0.08
enterprise,1,960,1880,181942.53,145202.245234339,8,6,1,1,0,0.740625,0.288125,65,11,4,3,39,5,0,0.18194253,0.08
enterprise,1,972,1881,184465.0752,146481.316802745,8,6,1,1,0,0.73725,0.293125,67,11,4,3,39,5,0,0.1844650752,0.08
enterprise,1,984,1882,187029.5028,147777.114198922,8,6,1,1,0,0.74475,0.29125,56,11,4,3,39,6,0,0.1870295028,0.08
enterprise,1,996,1883,190424.808,149709.571829259,8,6,1,2,0,0.7345,0.3,56,11,4,3,39,6,0,0.190424808,0.08
enterprise,1,1008,1884,194635.6944,152257.084912882,8,6,1,2,0,0.746,0.30875,51,11,4,3,39,7,0,0.1946356944,0.08
enterprise,1,1020,1885,198826.95,154760.189241682,8,6,1,2,0,0.73875,0.309375,97,13,4,3,39,7,0,0.19882695,0.08
enterprise,1,1032,1886,203108.3376,157304.350188464,8,6,1,2,0,0.7305,0.311875,89,13,4,3,39,7,0,0.2031083376,0.08
enterprise,1,1044,1887,206533.4628,159159.434688666,8,6,1,2,0,0.717125,0.311875,85,13,4,3,39,7,0,0.2065334628,0.08
enterprise,1,1056,1888,209554.1448,160681.988036575,8,6,1,2,0,0.738625,0.310625,80,13,4,3,39,7,0,0.2095541448,0.08
enterprise,1,1068,1889,212681.574,162266.842999869,8,6,1,2,0,0.73975,0.313125,75,13,4,3,39,7,0,0.212681574,0.08
enterprise,1,1080,1890,215257.4676,163413.197382664,8,6,1,2,0,0.71975,0.313125,75,13,4,3,39,7,0,0.2152574676,0.08
enterprise,1,1092,1891,219443.9688,165760.683913984,8,6,1,2,0,0.736375,0.32875,71,13,4,3,39,7,0,0.2194439688,0.08
enterprise,1,1104,1892,223882.2936,168269.966417063,8,6,1,2,0,0.735,0.325625,71,13,4,3,39,7,0,0.2238822936,0.08
enterprise,1,1116,1893,226468.5612,169365.037020296,8,6,1,2,0,0.7245,0.325625,68,13,4,3,39,7,0,0.2264685612,0.08
enterprise,1,1128,1894,227869.782,169563.18171373,8,6,1,2,0,0.74125,0.325625,63,13,4,3,39,7,0,0.227869782,0.08
enterprise,1,1140,1895,231036.9096,171062.638693001,8,6,1,2,0,0.71975,0.335,65,13,4,3,39,7,0,0.2310369096,0.08
enterprise,1,1152,1896,233856.4032,172286.816331301,8,6,1,2,0,0.738125,0.335625,53,13,4,3,39,7,0,0.2338564032,0.08
enterprise,1,1164,1897,237032.9808,173756.291124469,8,6,1,2,0,0.73625,0.33625,55,13,4,3,39,7,0,0.2370329808,0.08
enterprise,1,1176,1898,239667.1704,174811.213739082,8,6,1,2,0,0.730125,0.340625,100,15,4,3,39,7,0,0.2396671704,0.08
enterprise,1,1188,1899,240804.186,174764.714464336,8,6,1,2,0,0.742,0.340625,88,15,4,3,39,7,0,0.240804186,0.08
enterprise,1,1200,1900,242850.9216,175371.273352815,8,6,1,2,0,0.721625,0.34125,85,15,4,3,39,7,0,0.2428509216,0.08
family,1,0,1800,84.0,100.0,7,7,0,0,0,0.33571428571429,0.17142857142857,80,7,1,0,18,0,0,0.000084,0.07
family,1,12,1801,1928.4132,2284.28237765583,7,6,0,0,0,0.23857142857143,0.19,80,7,1,0,18,0,1,0.0019284132,0.07
family,1,24,1802,3792.9528,4470.50013125362,8,7,1,0,0,0.099375,0.16,85,7,1,0,22,0,1,0.0037929528,0.08
family,1,36,1803,5649.756,6625.78509437256,8,7,1,0,0,0.036875,0.155,90,7,1,0,22,0,1,0.005649756,0.08
family,1,48,1804,7465.584,8711.65001726747,8,7,1,0,0,0.093125,0.15375,90,7,1,0,22,0,1,0.007465584,0.08
family,1,60,1805,9391.83,10904.7530785802,8,7,1,0,0,0.01875,0.15375,97,7,1,0,22,0,1,0.00939183,0.08
family,1,72,1806,11410.1736,13182.1680881921,8,7,1,0,0,0.045,0.15375,100,7,1,0,22,0,1,0.0114101736,0.08
family,1,84,1807,13713.3024,15763.9709516379,8,7,1,0,0,0.065625,0.14875,100,7,1,0,23,0,1,0.0137133024,0.08
family,1,96,1808,15590.3496,17832.3429042737,8,7,1,0,0,0.0,0.1525,100,7,1,0,23,0,1,0.0155903496,0.08
family,1,108,1809,16914.9372,19250.9391986936,8,7,1,0,0,0.0,0.1525,100,7,1,0,23,0,1,0.0169149372,0.08
family,1,120,1810,17851.2264,20215.2245812849,8,7,1,0,0,0.0,0.15625,96,7,1,0,24,0,1,0.0178512264,0.08
family,1,132,1811,18438.2016,20775.8141427489,8,7,1,0,0,0.00875,0.1475,100,7,1,0,26,0,1,0.0184382016,0.08
family,1,144,1812,20797.3752,23317.2322814604,8,7,1,1,0,0.030625,0.15125,96,7,1,0,27,0,1,0.0207973752,0.08
family,1,156,1813,24192.2604,26988.1987974151,8,7,1,1,0,0.0,0.14625,100,7,1,0,28,0,1,0.0241922604,0.08
family,1,168,1814,27026.5212,29999.6770616099,8,7,1,1,0,0.039375,0.145,100,7,1,0,31,0,1,0.0270265212,0.08
family,1,180,1815,28478.982,31454.2890088646,8,7,1,1,0,0.00875,0.13125,100,7,1,0,31,0,1,0.028478982,0.08
family,1,192,1816,30000.0876,32969.0865378392,8,7,1,1,0,0.0,0.135,100,7,1,0,32,0,1,0.0300000876,0.08
family,1,204,1817,31963.2768,34951.4073139698,8,7,1,1,0,0.03375,0.135,100,7,1,0,33,0,1,0.0319632768,0.08
family,1,216,1818,35133.8736,38226.8388598782,8,7,1,1,0,0.0,0.135,100,7,1,0,34,0,1,0.0351338736,0.08
family,1,228,1819,36675.2652,39704.9445740438,8,7,1,1,0,0.0,0.13,100,7,1,0,34,0,1,0.0366752652,0.08
family,1,240,1820,37944.7404,40874.4476527788,8,7,1,1,0,0.02625,0.1425,100,7,1,0,34,0,2,0.0379447404,0.08
family,1,252,1821,39758.0316,42614.1828914859,8,7,1,1,0,0.06625,0.1425,100,7,1,0,35,0,2,0.0397580316,0.08
family,1,264,1822,42614.9976,45448.6239984571,8,7,1,1,0,0.0,0.14625,100,7,1,0,35,0,2,0.0426149976,0.08
family,1,276,1823,44033.4972,46727.2722807794,8,7,1,1,0,0.004375,0.1375,100,7,1,0,35,0,2,0.0440334972,0.08
family,1,288,1824,45034.4244,47551.1305239572,8,7,1,1,0,0.074375,0.1325,97,7,1,0,36,0,2,0.0450344244,0.08
family,1,300,1825,45546.9504,47852.4870464595,8,7,1,1,0,0.0225,0.1325,100,7,1,0,36,0,2,0.0455469504,0.08
family,1,312,1826,48877.9536,51096.0355061715,8,7,1,1,0,0.0,0.1325,100,7,1,0,36,0,2,0.0488779536,0.08
family,1,324,1827,52369.2876,54472.8171484974,8,6,1,1,0,0.02625,0.1325,100,7,1,0,36,0,2,0.0523692876,0.08
family,1,336,1828,54250.9884,56148.7128398509,8,6,1,1,0,0.000625,0.135,100,7,1,0,36,0,2,0.0542509884,0.08
family,1,348,1829,55990.2504,57659.8541467487,8,6,1,1,0,0.0375,0.1275,100,7,1,0,36,0,2,0.0559902504,0.08
family,1,360,1830,58228.0944,59665.4179285095,8,6,1,1,0,0.0,0.135,100,7,1,0,36,0,2,0.0582280944,0.08
family,1,372,1831,61185.5832,62383.2782677246,8,6,1,1,0,0.02,0.135,100,7,1,0,36,0,2,0.0611855832,0.08
family,1,384,1832,63695.2008,64618.1887207042,8,6,1,1,0,0.01125,0.14,96,7,1,0,36,0,2,0.0636952008,0.08
family,1,396,1833,65390.8584,66007.6220837376,8,6,1,1,0,0.0,0.13,100,7,1,0,36,0,2,0.0653908584,0.08
family,1,408,1834,67221.6552,67517.3255389473,8,6,1,1,0,0.0,0.13375,100,7,1,0,36,0,2,0.0672216552,0.08
family,1,420,1835,69722.016,69679.4870669294,8,6,1,1,0,0.0525,0.13125,100,7,1,0,36,0,2,0.069722016,0.08
family,1,432,1836,72995.6976,72587.4018950409,8,6,1,1,0,0.0,0.13875,100,7,1,0,36,0,2,0.0729956976,0.08
family,1,444,1837,76269.9336,75465.1321455036,8,6,1,1,0,0.015,0.13375,100,7,1,0,36,0,2,0.0762699336,0.08
family,1,456,1838,79461.6228,78231.0895028194,8,6,1,1,0,0.00125,0.14125,100,7,1,0,36,0,2,0.0794616228,0.08
family,1,468,1839,82334.7588,80655.5293488996,8,6,1,1,0,0.0,0.14125,100,7,1,0,36,0,2,0.0823347588,0.08
family,1,480,1840,83368.8828,81261.3232088227,8,6,1,1,0,0.0,0.14875,100,7,1,0,36,0,2,0.0833688828,0.08
family,1,492,1841,85279.0344,82708.6938181216,8,6,1,1,0,0.0,0.14875,100,7,1,0,36,0,2,0.0852790344,0.08
family,1,504,1842,87784.5108,84714.1116734503,8,6,1,1,0,0.0,0.15625,100,7,1,0,36,0,2,0.0877845108,0.08
family,1,516,1843,89351.0772,85795.9209394594,8,6,1,1,0,0.0,0.15625,100,7,1,0,36,0,2,0.0893510772,0.08
family,1,528,1844,90838.3644,86789.0897413302,8,6,1,1,0,0.018125,0.16375,100,7,1,0,36,0,2,0.0908383644,0.08
family,1,540,1845,93086.0028,88493.0551668043,8,6,1,1,0,0.034375,0.16375,100,7,1,0,36,0,2,0.0930860028,0.08
family,1,552,1846,94351.2948,89248.649205801,8,6,1,2,0,0.0075,0.17125,100,7,1,0,37,0,2,0.0943512948,0.08
family,1,564,1847,95530.7724,89913.7386752071,8,6,1,2,0,0.03375,0.17125,100,7,1,0,37,0,2,0.0955307724,0.08
family,1,576,1848,97816.404,91605.8987368489,8,6,1,2,0,0.0225,0.17875,93,7,1,0,37,0,2,0.097816404,0.08
family,1,588,1849,98648.0712,91924.0869848795,8,6,1,2,0,0.006875,0.17875,98,7,1,0,37,1,2,0.0986480712,0.08
family,1,600,1850,100058.1456,92773.1187347111,8,6,1,2,0,0.0025,0.18625,100,7,1,0,37,1,2,0.1000581456,0.08
family,1,612,1851,101299.3044,93455.5611870767,8,6,1,2,0,0.0025,0.18625,100,7,1,0,37,1,2,0.1012993044,0.08
family,1,624,1852,104511.6492,95938.3770433645,8,6,1,2,0,0.015,0.1925,100,7,1,0,37,2,2,0.1045116492,0.08
family,1,636,1853,106445.3712,97226.2257402145,8,6,1,2,0,0.05375,0.1925,100,7,1,0,37,2,2,0.1064453712,0.08
family,1,648,1854,109561.788,99573.7211210189,8,6,1,2,0,0.00375,0.2,100,7,1,0,37,3,2,0.109561788,0.08
family,1,660,1855,113346.5424,102499.768049158,8,6,1,2,0,0.003125,0.2,100,7,1,0,37,3,2,0.1133465424,0.08
family,1,672,1856,116444.8824,104776.525438155,8,6,1,2,0,0.0,0.2075,100,7,1,0,37,4,2,0.1164448824,0.08
family,1,684,1857,118912.6344,106463.45752424,8,6,1,2,0,0.0075,0.2075,100,7,1,0,37,4,2,0.1189126344,0.08
family,1,696,1858,122065.776,108741.535670059,8,6,1,2,0,0.0,0.215,100,7,1,0,37,4,2,0.122065776,0.08
family,1,708,1859,125681.0184,111403.85427853,8,6,1,2,0,0.0,0.215,100,7,1,0,37,4,2,0.1256810184,0.08
family,1,720,1860,126865.9308,111893.411559226,8,6,1,2,0,0.0,0.2225,100,7,1,0,37,4,2,0.1268659308,0.08
family,1,732,1861,127619.2596,111996.56576263,8,6,1,2,0,0.0,0.2225,100,7,1,0,37,4,2,0.1276192596,0.08
family,1,744,1862,129856.3056,113391.501989392,8,6,1,2,0,0.004375,0.23,100,7,1,0,37,4,2,0.1298563056,0.08
family,1,756,1863,132037.6344,114721.331690263,8,6,1,2,0,0.0,0.23,100,7,1,0,37,4,2,0.1320376344,0.08
family,1,768,1864,132919.7352,114911.86998446,8,6,1,2,0,0.005,0.23625,100,7,1,0,37,4,2,0.1329197352,0.08
family,1,780,1865,133818.9048,115112.338246541,8,6,1,2,0,0.0,0.23625,100,7,1,0,37,4,2,0.1338189048,0.08
family,1,792,1866,134580.7344,115190.39784824,8,6,1,2,0,0.01875,0.24,100,7,1,0,37,4,2,0.1345807344,0.08
family,1,804,1867,135132.7824,115086.155693478,8,6,1,2,0,0.00375,0.24,100,7,1,0,37,4,2,0.1351327824,0.08
family,1,816,1868,136882.368,115994.88903206,8,6,1,2,0,0.0375,0.24375,100,7,1,0,37,4,2,0.136882368,0.08
family,1,828,1869,139113.1224,117297.409914689,8,6,1,2,0,0.006875,0.24375,100,7,1,0,37,4,2,0.1391131224,0.08
family,1,840,1870,141256.6428,118510.869387338,8,6,1,2,0,0.00375,0.2475,100,7,1,0,37,4,2,0.1412566428,0.08
family,1,852,1871,142707.5076,119131.087101982,8,6,1,2,0,0.0,0.2475,100,7,1,0,37,4,2,0.1427075076,0.08
family,1,864,1872,143410.4532,119120.929002445,8,6,1,2,0,0.0,0.25125,100,7,1,0,37,4,2,0.1434104532,0.08
family,1,876,1873,145693.3716,120413.737641931,8,6,1,2,0,0.0075,0.25125,100,7,1,0,37,4,2,0.1456933716,0.08
family,1,888,1874,147582.1284,121366.546039675,8,6,1,2,0,0.0,0.255,100,7,1,0,37,4,2,0.1475821284,0.08
family,1,900,1875,149010.3132,121929.987872288,8,6,1,2,0,0.000625,0.255,100,7,1,0,37,4,2,0.1490103132,0.08
family,1,912,1876,152476.5228,124144.122284332,8,6,1,2,0,0.051875,0.25875,100,7,1,0,37,4,2,0.1524765228,0.08
family,1,924,1877,156620.9568,126882.590113682,8,6,1,2,0,0.0,0.25875,100,7,1,0,37,4,2,0.1566209568,0.08
family,1,936,1878,160548.8052,129416.073915239,8,6,1,2,0,0.015,0.2625,100,7,1,0,37,5,2,0.1605488052,0.08
family,1,948,1879,164159.8308,131667.023616384,8,6,1,2,0,0.05,0.2625,100,7,1,0,37,5,2,0.1641598308,0.08
family,1,960,1880,168049.8708,134114.978787536,8,6,1,2,0,0.00875,0.2625,100,7,1,0,37,5,2,0.1680498708,0.08
family,1,972,1881,172019.3412,136598.321320158,8,6,1,2,0,0.0,0.2625,100,7,1,0,37,5,2,0.1720193412,0.08
family,1,984,1882,174020.2548,137498.152331639,8,6,1,2,0,0.040625,0.2625,100,7,1,0,37,6,2,0.1740202548,0.08
family,1,996,1883,175727.1936,138154.493571097,8,6,1,2,0,0.0025,0.2625,100,7,1,0,37,6,2,0.1757271936,0.08
family,1,1008,1884,177714.0792,139019.863393408,8,6,1,2,0,0.0,0.2625,96,7,1,0,37,7,2,0.1777140792,0.08
family,1,1020,1885,181641.6504,141383.731883809,8,6,1,2,0,0.005,0.2625,98,7,1,0,37,7,2,0.1816416504,0.08
family,1,1032,1886,185272.8192,143491.009656321,8,6,1,2,0,0.0,0.2625,100,7,1,0,37,7,2,0.1852728192,0.08
family,1,1044,1887,189178.794,145785.527923292,8,6,1,2,0,0.02,0.2625,100,7,1,0,37,7,2,0.189178794,0.08
family,1,1056,1888,193048.8252,148026.034277997,8,6,1,2,0,0.011875,0.2625,100,7,1,0,37,7,2,0.1930488252,0.08
family,1,1068,1889,197024.4024,150321.098203758,8,6,1,2,0,0.01125,0.2625,100,7,1,0,37,7,2,0.1970244024,0.08
family,1,1080,1890,201141.1164,152696.737179503,8,6,1,2,0,0.004375,0.2625,100,7,1,0,37,7,2,0.2011411164,0.08
family,1,1092,1891,205106.496,154930.633264051,8,6,1,2,0,0.015,0.2625,100,7,1,0,37,7,2,0.205106496,0.08
family,1,1104,1892,208628.9268,156805.533576434,8,6,1,2,0,0.03375,0.2625,100,7,1,0,37,7,2,0.2086289268,0.08
family,1,1116,1893,210408.4332,157354.433169334,8,6,1,2,0,0.0025,0.2625,100,7,1,0,37,7,2,0.2104084332,0.08
family,1,1128,1894,213517.0044,158882.94752504,8,6,1,2,1,0.0,0.2625,100,7,1,0,37,7,2,0.2135170044,0.08
family,1,1140,1895,216071.646,159982.168976779,8,6,1,2,1,0.0,0.2625,100,7,1,0,37,7,2,0.216071646,0.08
family,1,1152,1896,218241.0468,160782.662486371,8,6,1,2,1,0.0075,0.2625,100,7,1,0,37,7,2,0.2182410468,0.08
family,1,1164,1897,220659.9444,161754.087592673,8,6,1,2,1,0.005,0.2625,100,7,1,0,37,7,2,0.2206599444,0.08
family,1,1176,1898,222904.3068,162584.522337135,8,6,1,2,1,0.0,0.2625,100,7,1,0,37,7,2,0.2229043068,0.08
family,1,1188,1899,225963.8304,163994.260046308,8,6,1,2,1,0.01125,0.2625,100,7,1,0,37,7,2,0.2259638304,0.08
family,1,1200,1900,229780.278,165932.497512185,8,6,1,2,1,0.0075,0.2625,100,7,1,0,37,7,2,0.229780278,0.08
